tconst	averageRating	numVotes
tt0002197	5.5	336
tt0002545	7.6	17
tt0004696	5.4	20
tt0006008	5.8	45
tt0006437	7.6	32
tt0007454	6.1	49
tt0008123	5.7	16
tt0009544	7.8	38
tt0010391	6.7	361
tt0012752	6.9	1225
tt0013059	6.3	556
tt0018033	7.2	3836
tt0018107	6.8	1263
tt0023679	7.2	39
tt0023746	6.6	29
tt0024631	6.2	1071
tt0024663	5.2	534
tt0026129	6.6	2072
tt0027099	5.8	417
tt0028478	6.6	3379
tt0030083	6.1	33
tt0030625	6.1	343
tt0032028	5.9	716
tt0032455	7.7	108298
tt0034928	6.7	4895
tt0035733	7.3	1006
tt0035912	7.1	110
tt0036611	6.3	12
tt0037150	6.1	1155
tt0039072	5.5	56
tt0040092	6.9	2063
tt0040876	7.1	7384
tt0042958	7.2	4998
tt0043163	6.2	71
tt0044025	6.3	299
tt0044093	4.5	22
tt0044268	8.1	16
tt0046461	6.0	458
tt0048699	5.4	657
tt0048906	5.0	16
tt0048947	7.0	9907
tt0049406	7.9	102298
tt0049438	7.0	16
tt0056467	6.3	712
tt0056941	6.2	894
tt0059153	7.2	129
tt0060033	7.0	1329
tt0060088	5.9	233
tt0060595	6.5	29
tt0061826	5.6	1606
tt0061852	7.6	207239
tt0064312	7.1	75
tt0064448	6.1	833
tt0065198	4.7	1714
tt0067118	6.5	1190
tt0067673	5.9	217
tt0067814	7.8	2331
tt0068054	7.5	207
tt0068889	6.6	73
tt0069708	5.0	11
tt0070346	6.4	528
tt0071116	7.4	102
tt0071762	6.4	4177
tt0072118	6.8	36
tt0072281	7.1	21201
tt0072554	6.6	5540
tt0073993	7.1	70
tt0074539	5.9	1558
tt0075011	6.0	192
tt0075112	7.6	165
tt0075791	6.8	29
tt0075925	6.2	14683
tt0076538	6.3	27489
tt0076554	5.6	454
tt0077631	7.2	316038
tt0078615	7.1	62
tt0078879	4.6	2048
tt0079476	7.2	227
tt0080907	6.2	7499
tt0080954	7.5	26
tt0081022	5.3	55
tt0082508	7.2	1405
tt0083564	6.6	51729
tt0084237	7.3	31632
tt0084271	5.3	48
tt0084728	6.8	1326
tt0085683	8.2	38
tt0085834	6.0	38
tt0085869	4.5	193
tt0085873	5.2	990
tt0086262	2.8	1137
tt0086738	7.5	49
tt0086990	6.0	83
tt0087502	7.2	58
tt0088343	5.7	75
tt0090503	6.4	1425
tt0090506	7.6	11606
tt0090633	6.9	60188
tt0091434	6.3	73
tt0091848	4.0	315
tt0092622	3.8	1945
tt0093148	6.1	39552
tt0094304	6.0	952
tt0095180	5.7	81
tt0095246	6.2	1098
tt0095492	5.2	145
tt0096551	7.1	260
tt0096609	7.1	48
tt0096707	6.3	5168
tt0096866	6.7	7771
tt0097491	7.0	60
tt0097523	6.4	172513
tt0098067	7.1	57076
tt0098260	6.4	5781
tt0098798	7.1	8466
tt0098818	5.6	1584
tt0098825	8.5	15513
tt0098887	5.7	424
tt0099864	6.8	146539
tt0099878	5.5	5954
tt0100485	6.2	22010
tt0100732	7.2	1304
tt0100758	6.8	108967
tt0101294	5.4	217
tt0101329	6.5	29448
tt0102361	7.2	321
tt0102497	7.2	776
tt0103017	6.7	877
tt0104254	6.6	35943
tt0104757	5.3	8
tt0104971	7.2	142
tt0105250	6.2	9
tt0105929	8.2	22472
tt0105941	7.8	26897
tt0106064	6.6	25655
tt0106611	7.0	118352
tt0106881	7.0	25426
tt0106968	6.3	163
tt0107013	6.2	70
tt0107131	7.0	53641
tt0107148	6.1	3041
tt0107688	7.9	396362
tt0108333	6.4	62016
tt0108526	6.0	16730
tt0108778	8.9	1149160
tt0108847	7.8	12041
tt0109190	6.2	58426
tt0109225	5.4	19
tt0109287	5.3	23238
tt0109520	6.1	44551
tt0110004	7.2	161
tt0110006	6.6	32185
tt0110077	6.8	7
tt0110213	6.1	19661
tt0110366	6.3	59431
tt0111212	3.3	217
tt0111987	7.6	16197
tt0112091	6.6	254
tt0112453	7.1	50268
tt0113722	5.7	29
tt0113820	5.3	31246
tt0114083	5.8	29
tt0114888	4.9	916
tt0115319	6.5	3369
tt0116830	6.4	62559
tt0116831	5.6	579
tt0117571	7.4	419729
tt0117956	3.7	77
tt0118617	7.2	142369
tt0119137	5.3	97692
tt0119594	6.2	14936
tt0119718	4.1	16610
tt0119844	6.8	1866
tt0119918	7.0	7099
tt0120036	7.2	9175
tt0120143	7.2	22
tt0120316	5.8	763
tt0120357	5.6	3070
tt0120484	6.2	186222
tt0120587	6.5	168047
tt0120595	5.9	36796
tt0120630	7.1	219747
tt0120794	7.2	155638
tt0120855	7.3	260404
tt0120910	7.1	42923
tt0120917	7.4	238976
tt0121164	7.4	314888
tt0122814	7.5	103
tt0123307	6.2	20
tt0124456	5.6	155
tt0125454	6.5	16900
tt0126805	6.5	287
tt0127388	4.3	1895
tt0127797	6.4	25
tt0127901	4.8	349
tt0128747	5.4	22
tt0128966	6.4	38
tt0129167	8.1	246515
tt0129924	4.4	1817
tt0131613	7.9	39500
tt0131697	3.8	32
tt0132064	7.1	178
tt0137874	6.4	113
tt0137922	7.4	26
tt0138573	6.4	16
tt0138749	6.9	114497
tt0139615	7.0	2528
tt0140376	7.5	25
tt0140816	6.4	24
tt0142386	6.4	51
tt0147800	7.4	422179
tt0147926	5.5	1906
tt0151403	6.4	27
tt0151685	7.6	22
tt0151887	5.1	19
tt0155922	5.7	27
tt0158023	8.2	9
tt0158552	7.2	95867
tt0159877	5.3	16
tt0161220	4.5	3499
tt0162020	6.4	304
tt0163986	6.1	1957
tt0164480	6.8	43
tt0165598	8.1	195062
tt0165928	4.5	271
tt0166110	4.5	8550
tt0167328	6.7	12
tt0167758	5.3	1730
tt0171101	8.0	45
tt0171308	4.9	260
tt0174521	6.8	195
tt0175132	7.6	12
tt0176904	6.1	15
tt0178078	7.0	67
tt0181740	5.3	33
tt0182576	8.1	378726
tt0183515	7.2	252
tt0183919	3.8	6
tt0184746	6.3	31
tt0185842	7.6	623
tt0186311	7.0	431
tt0186778	8.2	99
tt0189468	7.7	7
tt0189810	3.9	449
tt0191464	6.6	33
tt0191594	5.2	14
tt0197230	5.7	1518
tt0198066	5.6	12
tt0198556	6.4	7
tt0200276	8.9	92413
tt0200716	6.8	359
tt0203259	8.1	137462
tt0206229	6.8	206
tt0206366	7.0	87
tt0207972	6.7	6135
tt0208185	6.3	15610
tt0209475	5.4	90420
tt0209994	6.5	298
tt0210883	6.9	9
tt0212543	5.8	562
tt0212774	6.6	29
tt0212829	3.1	161
tt0215044	5.7	42
tt0216199	6.8	122
tt0217634	7.9	13
tt0218199	7.1	78
tt0219285	4.7	41
tt0219843	6.6	149
tt0220119	5.9	78
tt0221027	7.5	282536
tt0221100	7.8	15
tt0224454	6.5	217
tt0226093	5.7	196
tt0226767	7.8	75
tt0226987	5.2	285
tt0230011	6.9	142314
tt0230906	7.2	92
tt0231050	6.6	641
tt0233041	6.5	6013
tt0233277	5.7	1044
tt0233712	4.6	91
tt0234182	6.7	123
tt0235781	7.3	20
tt0236908	6.1	674
tt0238470	5.1	13
tt0238784	8.2	162725
tt0239395	5.2	64347
tt0240301	7.3	102
tt0242964	3.3	14
tt0243089	6.6	9
tt0243848	3.8	165
tt0246406	4.6	10
tt0247852	6.9	40
tt0247882	8.8	7800
tt0249195	6.2	20
tt0250274	6.3	5244
tt0250586	5.9	12
tt0251127	6.5	300403
tt0254529	5.2	8
tt0255178	7.6	1118
tt0259649	4.1	33
tt0259650	6.5	45
tt0259651	5.8	41
tt0259686	6.8	50
tt0262151	5.6	6229
tt0267913	5.4	133552
tt0271945	4.6	1050
tt0272876	7.3	815
tt0275137	8.5	55030
tt0275847	7.4	232861
tt0277477	6.8	158
tt0278213	8.0	1464
tt0280432	6.7	34
tt0280686	5.5	11
tt0282551	6.8	17
tt0283657	6.0	75
tt0283658	6.5	119
tt0283820	4.7	124
tt0284494	7.0	1620
tt0286153	5.4	75
tt0286587	8.0	165
tt0292070	8.5	13
tt0292816	7.2	107
tt0293268	3.3	8
tt0294002	7.6	312
tt0294208	7.9	414
tt0301454	3.5	7510
tt0303403	7.0	238
tt0303633	4.4	1066
tt0306841	5.6	43715
tt0307108	7.1	37
tt0308280	7.9	5716
tt0308807	6.5	22
tt0309820	6.6	16416
tt0309918	5.1	39
tt0312074	6.6	33
tt0313229	6.6	165
tt0313233	5.1	138
tt0313680	5.2	7968
tt0315608	7.7	243
tt0317268	6.4	125
tt0317533	5.6	10
tt0318913	7.9	14070
tt0324854	8.9	9
tt0327135	7.5	147
tt0327597	7.8	285409
tt0327914	6.1	53
tt0329414	5.5	580
tt0330251	7.7	29858
tt0331632	5.3	69102
tt0334332	6.2	14
tt0334533	7.8	13
tt0335587	8.1	11
tt0335881	6.8	11
tt0337593	5.8	1346
tt0337812	4.0	2291
tt0338459	4.4	69252
tt0339725	6.6	492
tt0342868	6.8	37
tt0343616	7.4	33
tt0343936	8.1	85
tt0344864	5.0	12108
tt0349166	8.5	2064
tt0353399	7.5	220
tt0355706	8.8	55
tt0358572	5.7	45
tt0362270	7.2	216884
tt0363333	5.8	234
tt0363778	2.3	186
tt0364845	7.8	171566
tt0367424	6.5	1024
tt0368530	7.8	91414
tt0369434	5.5	30
tt0371606	5.7	105492
tt0374225	4.0	324
tt0375517	6.6	39
tt0377156	6.6	404
tt0378558	7.1	42
tt0378738	7.5	19
tt0379270	5.7	1801
tt0381147	4.7	96
tt0381225	7.6	18
tt0381673	3.8	7
tt0381707	5.9	179807
tt0381971	6.5	18940
tt0382430	7.6	21
tt0382572	6.6	1122
tt0382937	6.7	2490
tt0384050	3.8	56
tt0384293	6.0	44
tt0384582	7.3	18
tt0384696	6.3	2850
tt0386601	7.9	12
tt0389790	6.1	189756
tt0390022	7.2	69021
tt0391302	6.9	29
tt0392360	6.1	1769
tt0393421	4.3	1417
tt0394181	6.1	111
tt0395699	5.6	104258
tt0396375	7.1	209
tt0396641	7.0	117
tt0397442	7.5	206973
tt0398417	7.4	14438
tt0399914	3.9	10
tt0400030	7.8	29
tt0401398	5.8	17100
tt0401410	5.3	399
tt0401785	6.7	14
tt0405879	7.5	12
tt0406942	5.7	1868
tt0407121	6.4	8950
tt0409591	8.4	148990
tt0411008	8.3	645204
tt0411490	8.5	27
tt0413573	7.6	361415
tt0414105	8.2	15
tt0414452	7.9	17
tt0416297	8.1	51
tt0416433	7.3	21
tt0417108	6.3	13
tt0420038	6.1	118
tt0422571	7.4	15
tt0423685	7.5	195
tt0423752	6.3	17
tt0423870	7.0	115
tt0424279	6.4	6478
tt0425210	7.7	333426
tt0426282	7.2	47
tt0427230	7.7	34
tt0429067	3.0	11
tt0433090	7.1	268
tt0435229	4.5	15
tt0435618	8.0	34
tt0436128	6.7	9
tt0437863	5.6	56849
tt0438166	8.3	75
tt0439100	7.9	119973
tt0439572	6.6	234534
tt0441773	7.6	553985
tt0442514	5.2	6
tt0442713	7.8	1423
tt0443374	7.6	18
tt0443700	7.4	8
tt0445935	6.0	11740
tt0445984	4.8	116
tt0446059	7.6	80206
tt0447515	5.3	33
tt0449545	7.2	4198
tt0449686	4.4	37
tt0450261	6.5	17
tt0450363	5.8	427
tt0452046	8.1	231916
tt0455275	8.3	631674
tt0456075	6.4	12
tt0457085	8.0	26
tt0457993	6.2	20189
tt0458290	8.4	134178
tt0459759	5.7	1151
tt0460381	2.5	15
tt0460627	7.8	184700
tt0460649	8.3	761496
tt0460681	8.4	514511
tt0460791	7.8	123663
tt0462201	4.6	148
tt0462259	6.7	31
tt0462339	7.9	33
tt0462590	6.5	131010
tt0465925	6.1	21809
tt0465997	5.1	6441
tt0466220	7.9	26
tt0469841	6.4	17
tt0470982	4.7	4588
tt0472954	8.8	267470
tt0473428	6.5	23
tt0475291	7.0	26
tt0475293	5.6	101565
tt0475708	5.2	61
tt0476363	5.0	37
tt0479500	5.9	22074
tt0480511	6.9	18
tt0481018	8.7	39
tt0481226	8.0	57
tt0481264	7.5	12
tt0482567	6.5	270
tt0485299	8.0	95
tt0486411	8.1	37
tt0486728	6.1	107
tt0487849	7.1	2501
tt0488967	3.9	194
tt0489569	6.4	772
tt0491553	6.2	7
tt0491603	7.3	20108
tt0496424	8.3	135555
tt0497349	6.3	47
tt0498351	3.9	791
tt0499170	8.3	101
tt0503633	6.8	76
tt0503671	6.5	81
tt0504198	6.7	301
tt0504395	7.5	358
tt0505934	6.1	15
tt0506361	7.1	64
tt0506833	7.9	10
tt0508235	7.3	2615
tt0508359	7.0	539
tt0508414	6.7	160
tt0508624	7.6	410
tt0509573	8.5	16
tt0509722	8.5	15
tt0511142	8.4	17
tt0512861	8.4	1792
tt0513361	6.8	13
tt0516875	6.9	216
tt0518403	7.8	7
tt0519000	7.6	114
tt0519180	8.2	29
tt0519359	7.3	42
tt0520304	6.9	27
tt0520612	8.0	111
tt0521902	7.4	44
tt0522801	6.7	133
tt0524695	6.0	39
tt0525289	7.7	42
tt0525442	8.0	72
tt0527599	6.9	10
tt0529742	7.4	160
tt0530185	8.2	55
tt0530462	6.7	63
tt0530891	8.2	310
tt0533453	8.2	4314
tt0533487	6.8	4137
tt0534171	6.3	8
tt0534885	7.2	344
tt0534958	6.9	14
tt0534968	7.5	15
tt0535167	7.3	56
tt0536017	7.7	75
tt0536241	5.8	6
tt0538532	7.1	13
tt0539402	7.4	904
tt0539759	7.2	472
tt0540595	8.0	62
tt0540631	8.3	42
tt0540761	8.2	8
tt0542383	6.8	47
tt0543410	6.0	18
tt0543755	6.5	12
tt0543771	7.3	7
tt0543945	7.8	479
tt0544562	8.0	96
tt0544584	8.2	100
tt0545102	7.9	78
tt0547043	5.7	150
tt0547327	6.0	7
tt0552727	5.2	21
tt0552898	6.0	30
tt0553786	7.6	104
tt0554597	7.3	350
tt0556074	7.6	510
tt0556564	8.4	31
tt0559264	7.6	93
tt0560678	8.0	122
tt0560713	7.9	232
tt0560717	7.7	176
tt0562645	8.1	28
tt0567104	8.8	6
tt0568005	7.7	525
tt0568008	7.7	556
tt0568437	7.4	105
tt0572216	7.8	2400
tt0572261	8.6	2344
tt0573938	7.9	62
tt0574061	8.1	130
tt0574088	7.8	99
tt0574528	6.9	46
tt0574821	6.8	43
tt0575334	7.5	124
tt0575414	7.7	105
tt0575940	7.6	62
tt0576488	6.6	36
tt0577576	6.7	12
tt0578594	8.4	2326
tt0578676	7.5	118
tt0579457	7.7	28
tt0579851	7.9	13
tt0580090	7.9	16
tt0581805	7.4	37
tt0582502	7.0	791
tt0583937	7.4	222
tt0584117	7.3	287
tt0587183	7.2	140
tt0588098	7.2	256
tt0591066	8.1	60
tt0593578	7.9	137
tt0594280	7.9	162
tt0594406	7.8	195
tt0594407	8.1	159
tt0594454	7.1	275
tt0594842	9.2	12
tt0594894	3.8	23
tt0595265	8.0	22
tt0597586	7.7	80
tt0598432	7.4	23
tt0599831	6.7	334
tt0599903	7.6	12
tt0601547	8.6	143
tt0602562	8.6	19
tt0602565	7.4	10
tt0613476	8.7	40
tt0613512	6.9	23
tt0614150	7.3	40
tt0614943	6.5	88
tt0618201	8.2	834
tt0618774	6.9	82
tt0618996	8.1	137
tt0620183	7.7	617
tt0621052	6.8	19
tt0624221	7.6	158
tt0624324	7.2	8
tt0624814	7.3	81
tt0624908	7.3	10
tt0629303	7.3	270
tt0629666	8.3	888
tt0629696	8.3	999
tt0629933	7.9	63
tt0631339	6.4	155
tt0633043	7.4	297
tt0633058	7.6	266
tt0633237	7.7	17
tt0634186	7.6	108
tt0636432	6.7	32
tt0636445	7.0	36
tt0636484	7.4	44
tt0638593	9.0	10
tt0638711	6.5	360
tt0638880	7.2	130
tt0639905	8.1	53
tt0643969	7.5	132
tt0644787	7.5	68
tt0646115	7.9	123
tt0646939	8.5	22
tt0647365	7.9	20
tt0648278	7.3	395
tt0648628	7.0	16
tt0649284	7.7	211
tt0649325	7.1	273
tt0650084	7.5	52
tt0650251	7.6	72
tt0650743	6.9	12
tt0651890	8.1	52
tt0653809	7.4	56
tt0653939	7.5	74
tt0658034	8.9	1341
tt0658911	7.0	24
tt0659277	9.2	9
tt0659318	7.3	130
tt0660189	7.7	391
tt0662274	8.5	22
tt0664417	7.2	35
tt0664506	7.8	2118
tt0666507	8.1	15
tt0668456	6.8	21
tt0672574	8.8	31
tt0672929	7.6	71
tt0675272	7.8	14
tt0677210	7.4	80
tt0679184	7.7	882
tt0679671	6.8	126
tt0680101	7.6	21
tt0680144	7.6	15
tt0682199	8.8	67
tt0685321	8.2	261
tt0687990	8.1	336
tt0688240	7.6	18
tt0697324	8.4	54
tt0698267	7.9	18
tt0698904	6.0	41
tt0699198	7.1	49
tt0699223	7.5	23
tt0702034	8.4	1986
tt0703135	7.7	42
tt0703690	8.7	60
tt0705987	7.8	59
tt0706077	6.5	67
tt0706287	6.7	33
tt0706568	7.5	51
tt0708940	6.2	2027
tt0709234	7.8	1179
tt0710042	6.7	79
tt0710974	8.2	19
tt0712827	8.2	60
tt0713623	8.8	8421
tt0713861	8.0	84
tt0718483	7.0	211
tt0719271	6.6	12
tt0720332	8.4	17
tt0720974	8.4	69
tt0723734	7.2	25
tt0723935	8.4	77
tt0732639	8.4	9
tt0732644	9.0	12
tt0732739	8.5	42
tt0734607	7.2	2898
tt0738945	8.0	13
tt0739094	6.4	40
tt0739239	8.2	44
tt0739280	8.7	28
tt0740262	5.6	8
tt0741054	7.9	97
tt0744746	7.8	17
tt0747253	7.8	16
tt0747265	8.1	18
tt0748789	7.5	297
tt0749224	7.6	121
tt0750610	5.8	16
tt0751066	6.3	5596
tt0751137	8.8	7156
tt0751247	7.4	3675
tt0751732	7.1	24
tt0753188	6.2	16
tt0755207	7.3	31
tt0756522	6.3	2823
tt0758742	7.5	32742
tt0758745	8.7	76349
tt0758790	8.1	84807
tt0760119	6.9	65
tt0761456	7.4	245
tt0762670	7.4	11
tt0764334	5.7	9
tt0766863	7.7	158
tt0770584	4.6	98
tt0770597	7.6	22
tt0773262	8.6	850851
tt0775995	7.8	375
tt0776759	6.0	78
tt0777351	8.6	544
tt0778740	4.4	19
tt0780134	6.5	763
tt0785280	8.6	15488
tt0787216	6.2	81
tt0790282	8.1	21
tt0791623	8.7	6
tt0793607	5.9	148
tt0794646	7.6	26
tt0796825	6.6	66
tt0797463	8.1	31
tt0797697	8.5	20
tt0800473	8.2	11
tt0804503	8.7	276629
tt0805102	7.0	16
tt0808346	6.2	22
tt0810788	8.0	81343
tt0810900	5.3	69480
tt0816110	8.3	26
tt0816232	6.8	19
tt0822009	6.4	15
tt0822388	5.3	211
tt0824686	7.6	48
tt0824687	7.5	15
tt0825475	6.0	116
tt0826468	6.6	88
tt0826760	8.4	31460
tt0827243	6.3	10
tt0831399	6.1	126
tt0831754	7.0	74
tt0835499	7.9	24
tt0837249	7.4	44
tt0837284	6.6	84
tt0839204	6.2	14
tt0839847	5.8	275
tt0840196	8.2	97433
tt0840445	6.8	12
tt0840745	6.5	11
tt0842397	8.0	83
tt0842405	7.2	40
tt0843969	8.4	197
tt0846339	8.7	955
tt0847993	7.4	338
tt0850928	9.0	164
tt0852863	8.1	63364
tt0857322	8.9	49
tt0857323	7.2	8
tt0857388	7.5	18
tt0858311	7.5	114
tt0859592	7.5	8747
tt0859789	7.2	26
tt0860230	8.6	1349
tt0860554	4.3	237
tt0864723	5.6	14
tt0866639	2.6	454
tt0869112	5.5	29
tt0875824	7.8	85
tt0875864	8.7	55
tt0875963	8.6	37
tt0876707	8.1	262
tt0877057	8.9	430456
tt0883309	7.0	6
tt0884419	6.5	23
tt0885786	8.2	11
tt0893325	5.4	118
tt0894129	7.8	76
tt0894157	6.9	34
tt0896811	5.2	438
tt0897945	8.8	25
tt0898092	8.4	56
tt0898926	5.5	10
tt0903747	9.5	2348380
tt0904208	8.3	192341
tt0905031	9.1	15
tt0906779	6.9	53
tt0910908	5.8	289
tt0914432	7.0	7
tt0916950	7.6	12
tt0917854	6.5	8
tt0921912	9.8	13
tt0922465	4.9	20
tt0924022	8.2	5458
tt0924669	7.9	29
tt0925420	7.7	199
tt0925677	7.6	161
tt0933640	8.1	45
tt0933774	6.9	20
tt0935581	7.4	26
tt0941879	2.4	24
tt0947025	7.4	29
tt0947082	4.0	20
tt0949107	7.5	642
tt0950028	8.9	28
tt0954751	8.1	296
tt0955597	7.5	39
tt0956390	6.2	10
tt0958771	7.6	1053
tt0959372	6.4	13
tt0961097	6.7	23547
tt0961214	8.7	7
tt0967275	8.4	534
tt0968762	5.6	79
tt0969389	7.0	337
tt0972412	6.8	30210
tt0974015	6.0	493075
tt0982504	8.8	28
tt0983642	7.1	28
tt0988345	6.7	9
tt0990828	8.6	21
tt0991647	8.4	979
tt1000164	5.9	12
tt1000456	7.1	9
tt10018074	6.9	412
tt1006325	8.1	47
tt10065398	6.4	9
tt10075374	7.0	6
tt1008343	8.5	14
tt10101288	7.1	19
tt1010444	8.3	21
tt1014762	8.5	23309
tt1015034	9.1	10
tt1016114	7.9	261
tt10169098	8.0	114
tt10177724	9.6	72
tt10182324	6.6	19
tt10203480	5.2	20
tt10207090	4.3	6493
tt1021848	6.8	162
tt10234518	8.5	14
tt1024724	3.9	3022
tt10249374	7.6	146
tt1024983	7.7	11
tt10255440	7.5	13
tt10257196	6.6	73
tt10262334	6.2	6
tt1028420	7.8	83
tt10308196	9.0	7
tt10313176	6.7	11530
tt10314544	6.6	40
tt1032808	5.5	17
tt10353704	6.4	821
tt1037243	7.2	15
tt10374986	7.6	18
tt10375054	8.8	15
tt1038098	6.5	387
tt1039339	7.6	47
tt1039964	6.1	495
tt10426114	5.2	23
tt10471480	9.0	17
tt10483408	7.9	27
tt1049249	8.2	1936
tt1051424	7.2	30
tt1051829	7.6	23
tt10518414	8.2	6
tt1051904	6.3	99228
tt10534500	8.7	17348
tt10541670	8.5	10
tt10544020	6.9	87
tt10544234	6.8	6
tt10562626	8.7	698
tt10562632	9.1	668
tt10563566	7.6	15
tt10578800	8.4	75
tt1060733	6.8	193
tt10608732	8.0	82
tt1060983	6.0	13
tt10626490	8.4	30
tt1064261	8.3	170
tt10653784	5.4	15286
tt1065772	5.6	18
tt1067040	7.5	36
tt1067573	9.1	19
tt10676276	7.7	42
tt1068338	7.9	19
tt1068340	7.5	22
tt10691922	6.3	116
tt10699594	7.7	142
tt10702116	7.1	183
tt1070879	7.2	167
tt1072268	6.2	8
tt10738936	8.0	6
tt1074384	7.5	8
tt1075333	5.8	62
tt10763570	6.4	80
tt10766764	7.3	18
tt10766766	7.4	17
tt10766934	7.7	33
tt1076804	7.1	18
tt1079067	7.4	329
tt10801368	7.5	9119
tt10825348	7.9	25
tt10833600	4.9	14
tt1083970	8.1	58
tt10840740	7.8	23
tt10845342	8.6	31
tt10869008	5.8	6
tt1087646	6.0	47
tt10879376	8.4	64
tt1088752	9.2	7
tt10896728	7.1	389
tt10902966	9.0	10
tt10913350	7.9	66
tt10915618	7.5	46
tt10927206	6.1	24
tt1093143	6.7	31
tt1094229	8.4	21400
tt1094589	4.9	9
tt10947842	8.0	15
tt1095220	8.2	13
tt10964210	7.0	30
tt10986480	5.8	9
tt1099212	5.3	509285
tt11012648	7.9	281
tt1101575	8.1	63
tt11018076	6.8	56
tt11018496	7.4	239
tt1101936	7.6	14
tt11034364	7.0	9
tt11036232	6.6	21
tt1103946	7.7	17
tt1103987	7.9	55994
tt11053322	8.5	6
tt1105469	6.0	1343
tt1106847	5.9	60
tt1107763	6.0	12
tt11090598	7.8	20
tt1109624	7.3	148420
tt11111198	5.9	10
tt11111758	7.6	31
tt11122356	9.5	10
tt1112347	7.8	5
tt1112358	7.4	5
tt1113219	7.7	47
tt1114677	4.7	47508
tt11162638	5.4	304
tt11170028	7.1	30
tt11176154	8.3	12
tt1118265	7.3	15
tt11188728	7.4	25
tt11191142	8.2	872
tt11197444	6.9	3174
tt11205014	5.4	197
tt11217094	2.8	609
tt11217366	7.1	58
tt11245972	6.3	175508
tt1125506	9.4	6
tt1125856	4.7	1030
tt11277896	7.6	28
tt11281424	7.3	28
tt11291526	7.1	37
tt11294422	7.4	221
tt11305538	6.9	19
tt1130898	5.8	158
tt11316402	7.0	5
tt11347750	8.6	143
tt1136350	7.3	27
tt1138457	5.7	340
tt11389328	8.6	10
tt1139428	6.5	221
tt1141747	8.8	984
tt1142020	6.9	38
tt1142473	5.3	200
tt11427232	7.1	41
tt1142782	7.8	9
tt1143390	7.5	283
tt11460170	7.4	22
tt11460334	6.6	57
tt11492256	7.4	41
tt11497432	7.2	61
tt11534136	6.4	129
tt1153696	6.1	66
tt11563902	8.4	3274
tt1157629	5.4	10
tt11579002	6.0	27
tt1160042	7.2	42
tt11628390	7.8	608
tt11655566	6.9	41203
tt11658118	7.8	16
tt11710922	6.5	6
tt11714334	8.0	4654
tt11721634	9.1	9
tt1172587	5.5	2086
tt1173568	5.4	247
tt1174691	7.0	1468
tt11757468	6.4	25
tt11758638	7.2	5
tt1177852	7.7	16
tt11786644	7.8	16
tt1179817	4.9	21333
tt1181840	6.9	7829
tt11828502	6.8	86
tt1183338	6.4	37
tt11835500	6.5	532
tt1185834	5.9	77722
tt1186261	8.0	22
tt11869068	5.0	20
tt1189264	7.7	10
tt1190072	6.2	1621
tt1190130	6.8	122
tt1190537	5.6	408
tt1190689	7.9	30822
tt11909354	9.9	24
tt1191122	7.1	492
tt11940558	6.8	6
tt1195489	8.0	122
tt1195935	5.6	43947
tt1196708	7.2	65
tt12025604	7.4	42
tt1203040	8.0	4041
tt12038128	7.1	48
tt12068420	6.9	52
tt12074108	8.8	6
tt1208382	8.1	16
tt1208716	5.6	365
tt12094778	7.7	8
tt12115990	7.9	94
tt1214117	7.9	45
tt1215004	7.2	22
tt12151128	5.7	7
tt1216621	9.1	605
tt1217213	7.0	15361
tt1218339	8.5	8
tt12188568	9.0	29609
tt1218957	6.7	423
tt1218961	8.2	406
tt1219289	7.4	631472
tt1221194	7.5	24
tt1225901	6.2	46913
tt1226461	7.1	13
tt1226766	6.5	5531
tt12281106	6.9	79
tt12281148	6.5	63
tt12291590	6.8	34
tt12292572	7.7	78
tt12301534	7.4	29
tt12320992	6.1	18
tt1232255	9.2	36288
tt1232916	8.2	28
tt1235099	8.0	132079
tt1235315	6.8	12
tt1236429	5.5	1054
tt12367872	6.1	14
tt12370614	7.9	7
tt12386222	7.8	5
tt12398128	8.4	98
tt1241317	4.5	93603
tt1243395	8.1	397
tt12464248	8.8	8
tt12483492	5.3	95
tt1248490	6.0	6
tt1248719	7.7	521
tt1249294	5.1	2533
tt12545780	8.0	133
tt1254669	5.7	37
tt1256089	7.8	2291
tt1256161	7.6	263
tt1256300	8.9	1358
tt1256607	8.1	980
tt1256826	7.6	29
tt12573294	7.0	1794
tt1258227	7.2	5
tt12605302	8.2	175
tt1262402	5.4	248
tt12630454	6.2	30
tt12655488	6.5	360
tt1266020	8.6	304122
tt1267045	8.4	1161
tt12670550	7.5	37
tt12670584	6.8	34
tt12741164	3.7	6
tt1279971	6.4	21
tt1280471	7.1	24
tt1280822	7.5	21681
tt12824860	8.9	7
tt12859684	7.0	209
tt12862780	9.1	14
tt1286587	6.4	57
tt1291150	5.8	225824
tt1294970	5.7	24770
tt12997500	7.5	154
tt1301270	7.0	8
tt13023912	7.1	10
tt1303242	5.1	11
tt1306346	6.8	14
tt1307011	8.0	10
tt1307077	6.9	16
tt1307510	5.9	924
tt1307642	7.2	13
tt13106662	6.0	6
tt13117332	8.0	898
tt1312235	6.1	29
tt13150532	5.8	10
tt13150856	7.4	268
tt1316359	7.1	9
tt13179806	1.7	33
tt13180030	8.0	6
tt1318688	8.6	55
tt1319569	6.9	5148
tt1320337	8.7	7
tt1321693	8.1	5959
tt1321805	7.2	6685
tt1322234	6.4	19
tt1323296	8.9	11
tt1323577	9.3	19
tt1323584	7.6	12
tt1327032	2.8	7
tt1327801	6.8	158997
tt1327822	6.0	8
tt13292462	8.9	175
tt13317578	8.6	415
tt1333237	6.3	6
tt13350620	7.4	405
tt13358422	8.2	13
tt1340082	6.4	41
tt1340431	7.2	17
tt13433084	7.9	80
tt13444424	5.6	36
tt1346141	8.0	13
tt1349299	6.4	10
tt13499396	2.3	345
tt1350956	5.3	14
tt13522456	9.8	11
tt13523658	7.8	6
tt1354306	8.0	225
tt13557672	6.1	220
tt1358522	8.2	149552
tt1358896	6.7	19
tt1358974	5.9	16
tt13606910	5.4	64
tt1362140	7.5	13
tt13622956	6.8	5961
tt13630506	7.4	191
tt1363310	8.3	915
tt13648238	6.0	12
tt1368477	6.2	36
tt13786072	7.2	777
tt1379169	4.9	152
tt13793054	5.8	6
tt1380611	8.2	30
tt13814840	6.7	734
tt1381767	5.9	1891
tt13852642	5.5	7559
tt13866548	4.8	30
tt13885684	7.7	25
tt13899906	7.6	700
tt13913020	6.1	22
tt1396212	6.7	619
tt1396484	7.3	647430
tt13978950	7.8	85
tt13991256	3.0	23
tt1401106	7.6	2537
tt14022920	7.2	51
tt1404048	7.3	41
tt14045462	8.2	731
tt1405406	7.7	368465
tt14061860	6.3	36
tt14075072	8.4	98
tt1408056	7.0	8
tt14090954	7.2	14
tt1409652	6.3	23
tt1410322	7.0	7
tt14116450	5.7	23
tt14135956	7.3	1524
tt14137234	6.2	10
tt14164732	6.1	17
tt14165926	7.8	408
tt1416765	8.3	41572
tt14177164	8.1	12
tt14180156	4.9	129
tt14197748	7.5	219
tt14200090	6.9	33
tt14203460	7.9	974
tt14222138	7.5	18
tt14226988	9.8	9
tt14258160	8.3	22
tt14260474	6.0	9
tt14272568	5.6	11
tt1428449	7.8	6
tt14295864	5.2	71
tt14315360	8.6	335
tt14315898	7.9	10
tt14324464	8.7	16
tt1432702	6.9	22
tt14354316	3.7	7
tt1440188	6.0	81
tt1441107	8.0	572
tt1441927	6.5	8
tt14419876	7.1	760
tt1442109	7.5	15826
tt1442540	6.2	18
tt14429744	7.7	457
tt14437510	8.9	4267
tt1444311	4.5	15
tt14463136	9.3	2109
tt1447480	6.6	409
tt14479956	6.1	77
tt14483784	6.2	25
tt1452805	7.6	799
tt1460160	7.3	18
tt1460534	8.4	686
tt14609588	8.2	613
tt1461418	7.5	8187
tt1465496	5.1	576
tt1467584	8.1	9
tt1467591	7.9	22
tt1468737	6.7	127
tt14694886	6.7	40
tt1470000	7.6	14
tt1472584	4.6	21196
tt1474465	7.6	10
tt1474684	8.4	159648
tt14748716	7.8	5
tt14750304	8.1	187
tt1475582	9.0	1052183
tt1477534	7.6	994
tt14818804	6.2	25
tt1483798	7.1	20
tt1486161	8.8	14
tt14872218	7.8	1955
tt14878748	6.5	6
tt14906086	6.0	19
tt14911598	7.0	28
tt14916626	7.4	92
tt1494731	8.0	96
tt14948392	9.0	1442
tt1496775	1.0	11
tt14972140	6.3	13
tt1497889	7.3	12
tt14980078	3.1	7
tt1499824	8.7	1214
tt15003736	9.7	6
tt1501661	8.6	19
tt15017814	7.7	35
tt15039206	6.2	21
tt15039908	8.6	571
tt15048606	5.7	6286
tt15049210	1.8	1031
tt1505567	8.2	49
tt15062278	10.0	8
tt15077860	6.3	36
tt15095976	6.6	567
tt1509767	5.7	114188
tt15105910	8.6	244
tt1511426	5.6	7
tt15115828	7.6	8
tt15120908	8.3	63
tt15134130	5.8	25
tt15134132	6.4	25
tt15140286	9.4	364
tt1514913	7.8	1749
tt15153830	5.0	104
tt15169386	7.9	23
tt1517177	6.7	5474
tt15186872	8.0	32
tt1519433	8.7	378
tt1520211	8.1	1147678
tt1520618	7.9	4050
tt15214932	6.7	51
tt15216118	7.7	168
tt15234012	8.1	140
tt15238502	8.0	27
tt1524993	6.1	1181
tt15251382	7.1	12
tt1525182	5.7	1514
tt1525759	7.3	8
tt15308650	8.6	5
tt15314748	8.7	284
tt15333544	7.8	1051
tt1533530	8.8	5930
tt15345798	8.0	35
tt15353184	6.9	111
tt15358484	8.6	14
tt1536269	7.6	14
tt15374482	7.6	8
tt15379192	7.5	29
tt1538824	7.8	13
tt1538838	7.4	14
tt15391356	7.8	125
tt15396722	7.9	10
tt15399064	7.1	64
tt1541262	7.3	7
tt1541874	5.4	9051
tt1542295	6.9	174
tt1543892	8.5	12
tt15445350	6.8	168
tt15446374	8.0	82
tt1544989	5.0	16
tt1545527	8.6	66
tt15476438	7.1	28
tt1549907	6.3	34
tt15521816	7.1	191
tt15521934	8.1	1084
tt15562458	7.5	392
tt1558177	6.0	28
tt1558978	8.9	7
tt1559912	8.0	2742
tt1564349	6.8	26339
tt15669400	6.8	5
tt15670154	6.8	6
tt15710906	8.8	6
tt15744920	7.2	62
tt1574530	7.8	7
tt1575388	5.5	17
tt15760020	8.2	12
tt1576601	8.2	2392
tt15768530	7.5	310
tt1578873	7.4	184301
tt1579247	6.1	18521
tt1584937	5.3	84
tt15850210	7.1	56
tt1585675	8.1	2912
tt1588714	8.7	15
tt15891670	6.6	9
tt1590961	7.2	16764
tt1595859	7.7	51961
tt1600194	7.4	81194
tt1604113	6.5	3545
tt1611257	9.0	6
tt16114316	6.8	24
tt1615919	8.1	42309
tt16161400	7.3	364
tt16211188	7.3	11
tt1625340	5.6	8692
tt16266240	6.5	496
tt16279180	2.3	7
tt16312160	7.1	63
tt16316284	7.5	56
tt1632708	6.5	410417
tt1634003	6.4	10808
tt16345630	7.9	188
tt1635950	8.1	2092
tt16364550	7.4	437
tt1637700	6.3	7
tt1637727	8.3	129621
tt1638844	7.3	111
tt16391564	7.7	99
tt16404408	7.9	435
tt1641384	8.6	48846
tt1644150	7.4	97
tt1644168	7.4	117
tt16441788	5.1	16
tt1644223	7.1	132
tt16443034	6.4	34
tt1645662	7.6	134
tt1647241	7.5	217
tt1649463	8.5	2728
tt1650041	4.0	392
tt1652428	5.1	117
tt1659175	8.1	9634
tt1660881	2.3	14
tt16736976	5.4	12
tt1674928	6.8	2915
tt1679235	4.1	26774
tt1684557	6.9	64
tt1688779	7.8	1475
tt16915352	6.9	27
tt1695160	3.4	10
tt16985502	4.4	6
tt1699440	6.4	846
tt17005130	8.1	586
tt1700841	6.1	220284
tt17013512	6.9	12
tt1702333	5.8	43
tt1702439	6.7	119284
tt1703148	6.7	42119
tt17058120	7.7	16
tt1705952	4.8	13265
tt1706531	8.4	1128
tt1718535	7.2	26
tt1718827	7.1	23
tt1724294	8.4	10
tt1727294	6.3	33
tt1727778	6.6	39
tt1728833	8.3	114
tt17297774	7.0	13
tt1732870	6.6	35
tt1736017	5.1	26
tt1736078	7.7	2096
tt1743653	7.9	155
tt1747465	7.5	16
tt1749004	7.5	10500
tt1752113	8.0	527
tt1753523	8.0	9
tt1753597	5.1	724
tt1754656	7.6	69316
tt1755893	3.8	5914
tt1756603	6.2	9
tt1756873	4.8	237
tt1758610	7.0	5050
tt1758772	7.7	26740
tt1758824	7.0	5
tt1761811	6.3	672
tt1762897	8.6	22
tt17633724	8.0	13
tt1764275	6.6	5922
tt1764625	5.9	9544
tt1764666	5.6	450
tt17720030	6.1	214
tt17720272	6.7	15244
tt1773314	3.6	234
tt1779856	6.9	21
tt1780441	7.8	24046
tt1784750	8.3	22
tt1786331	8.4	24
tt1789090	6.7	362
tt1792070	8.6	17
tt1792826	8.5	7
tt1794595	4.7	208
tt1799661	5.1	16
tt1799673	5.8	15
tt1800439	5.8	14
tt18088126	8.2	25
tt1812476	7.5	42
tt1816518	7.8	23401
tt1819509	7.3	41766
tt1821597	6.6	1776
tt1821681	7.3	43758
tt1821698	6.9	20
tt1822456	8.7	87
tt1823664	5.4	42353
tt1824563	6.8	10
tt1825181	6.5	16
tt1826165	6.8	14
tt18266584	7.8	110
tt1826940	7.8	256412
tt1828327	7.5	39213
tt1830351	8.0	65
tt18305936	8.7	9
tt1832789	5.3	151
tt1832979	7.7	58513
tt18338702	8.7	7
tt18347206	8.6	5
tt18350492	7.2	33
tt18350896	6.8	12
tt1836037	8.3	42226
tt1837492	7.4	329942
tt1837576	7.7	82030
tt1837642	7.8	127657
tt1838636	7.8	117
tt1839578	8.5	198795
tt1841107	6.0	24
tt18411668	7.8	12
tt1841215	7.0	74
tt1843230	7.7	243438
tt1843509	8.5	45
tt1844624	7.9	355304
tt1847830	8.7	54
tt1849532	8.8	703
tt1850835	7.8	111
tt1854442	7.9	88
tt18559714	8.1	9
tt1856010	8.6	548163
tt18568010	7.7	23
tt18571590	7.8	113
tt1859578	6.4	49
tt1861218	8.6	23
tt1865769	6.2	20591
tt1865800	7.1	397
tt18687862	6.8	11
tt1869580	6.6	109
tt1872601	7.3	27
tt1872612	8.4	15
tt18765668	8.4	9
tt1877368	8.6	14288
tt1877727	7.2	27
tt1877830	7.8	875846
tt1877889	7.9	16664
tt1878436	7.5	623
tt1883016	9.0	9
tt1884856	7.3	4427
tt1888075	7.8	31113
tt1890880	7.9	6372
tt1894826	8.4	604
tt18967874	8.9	613
tt1905827	8.1	43
tt1909167	8.2	5
tt1914371	6.3	247
tt1915581	6.1	150502
tt1917191	7.6	36
tt1918710	4.8	7
tt1919563	7.3	118
tt1922675	5.8	150
tt19436036	8.1	21
tt1946753	7.4	28
tt1948070	7.6	37
tt1948331	7.8	47
tt1949914	7.8	31
tt1950120	7.6	7
tt19515762	7.7	105
tt1957928	8.4	21
tt19610154	8.2	7
tt1961245	8.6	19
tt19636672	8.1	4323
tt19637618	6.8	23
tt1965856	7.5	18
tt1967540	6.7	76
tt1972410	7.6	7
tt19757232	8.8	6
tt1977193	8.6	10
tt1977814	5.8	5
tt19784080	8.5	405
tt19797336	8.1	103
tt1979884	9.3	862
tt19799362	6.9	19
tt1981120	6.6	5
tt19811244	5.7	8
tt19815578	7.9	4559
tt1985949	6.3	111580
tt1987383	7.4	12
tt19886974	6.7	26
tt19891866	3.7	31
tt19897556	7.6	501
tt1991564	6.7	8018
tt1992241	6.3	41
tt2005224	5.3	8
tt2011990	4.6	9
tt2014280	5.8	7
tt20217424	8.8	13
tt2022170	6.5	13044
tt2022713	7.3	18637
tt20241980	7.2	208
tt2027958	7.4	345
tt2034694	6.0	11
tt2041240	7.4	16
tt20417124	8.3	1292
tt2045172	7.7	8
tt2056366	7.0	29472
tt2060477	6.7	49
tt2061577	6.8	2406
tt2066048	4.1	777
tt2069512	7.8	179
tt2071645	7.4	93558
tt2075059	6.9	127
tt2075062	7.1	122
tt2075241	4.9	200
tt2075392	6.0	158
tt20783606	4.9	37
tt2080922	7.3	981
tt2081374	4.4	877
tt20833508	7.6	10
tt2083383	6.8	70744
tt2083922	4.7	42
tt2085059	8.7	699509
tt20855032	7.3	22
tt20860856	8.5	35
tt20865594	6.7	28
tt2090996	7.9	37
tt2091366	8.8	56
tt2093100	7.4	1371
tt2093270	5.9	8944
tt2096351	7.7	2261
tt21035254	6.2	14
tt2105767	8.8	8
tt2105878	8.5	2459
tt2106520	8.1	11
tt21092242	1.1	241
tt2111104	8.3	69
tt2119544	7.0	17
tt21199612	8.2	45
tt2123129	7.4	6877
tt2123342	5.8	1234
tt21235700	6.3	77
tt21240732	7.4	46
tt21257500	7.5	32
tt2130171	8.2	341
tt2132039	9.1	4955
tt2132479	8.2	33
tt2136138	6.9	4480
tt2139371	6.6	1276
tt21411520	7.0	12
tt21417460	7.5	878
tt21429340	5.9	10
tt2144149	7.5	28
tt2145827	7.2	32
tt2146014	8.2	70
tt2156746	7.3	10
tt2161128	7.6	1281
tt2161664	8.0	202
tt21624542	9.1	10
tt21652944	5.8	6
tt2173849	8.6	21
tt2177489	7.3	22261
tt2179387	7.9	504
tt2180031	6.7	74
tt2180444	7.1	39
tt2180817	8.6	1733
tt21815494	8.3	103
tt2183404	8.3	28384
tt2183641	8.1	23455
tt2184609	7.2	69
tt21874184	7.4	8
tt2188671	8.1	122076
tt2189638	7.1	34
tt21907654	9.1	14
tt2191775	5.6	17
tt2193021	7.5	454912
tt2197994	3.9	29
tt22005990	5.7	189
tt2202471	6.5	1673
tt2203143	6.7	1158
tt2204349	8.2	970
tt2216314	5.4	212
tt2217394	8.4	25
tt2224026	6.5	116969
tt2224075	4.4	2650
tt22261516	7.3	42
tt2226178	7.2	77
tt22264910	5.9	10
tt2229327	8.2	56
tt22334528	4.3	14
tt2235527	7.8	13
tt2247904	7.8	161
tt22493452	6.9	101
tt2262532	7.9	31880
tt2267968	7.1	205966
tt2272760	8.2	6
tt2277860	7.2	321224
tt22806544	6.0	331
tt2288064	7.5	28325
tt22881322	7.8	90
tt2289057	6.3	48
tt22896138	7.2	185
tt2290241	9.2	6
tt2293640	6.4	274391
tt2294189	8.1	126779
tt2296649	5.2	8
tt2299957	7.5	153
tt2307315	5.2	25
tt23132908	7.4	850
tt2314444	7.8	8
tt23180748	6.1	27
tt23220862	6.2	20
tt2323002	9.6	6
tt2323362	7.1	5567
tt2326005	6.8	443
tt2329627	6.6	29
tt2330739	4.3	26
tt23330078	8.8	12
tt2333334	8.0	12
tt2336060	6.5	345
tt2337513	7.3	6
tt2337813	8.2	6
tt2341555	8.3	64
tt23468836	7.4	5838
tt2350456	5.7	16
tt23625580	7.7	293
tt2364303	7.6	8
tt2365946	6.9	19867
tt2366603	7.1	11
tt23709060	7.1	22
tt2372073	7.1	79
tt2372162	8.0	329746
tt23727320	7.1	1077
tt2372760	6.7	380
tt23735500	4.7	12
tt2373701	9.3	15
tt2373743	7.1	1585
tt2375720	8.0	5561
tt2378805	7.1	13
tt2379653	6.2	131
tt2383929	7.7	65
tt23841446	9.2	6
tt2387018	9.1	122
tt2390190	7.1	217
tt2392147	7.3	56
tt2392151	7.4	54
tt2392179	4.6	1024
tt2393275	7.0	167
tt2393823	2.6	619
tt2393825	7.3	192
tt2397266	7.8	17
tt2397461	5.9	18123
tt2397902	8.4	11
tt2399517	6.4	23
tt2400433	4.7	172
tt2401094	8.6	14652
tt24018678	8.5	1232
tt2404299	5.2	3101
tt24068194	4.4	102
tt24132624	7.4	323
tt24177000	7.5	85
tt2422212	2.1	370
tt2427220	7.3	14124
tt2431438	8.2	168024
tt24318780	9.0	33
tt2433250	9.4	77
tt2438550	5.3	55
tt2445758	7.6	8
tt24515764	8.2	19
tt2463304	9.0	27
tt2477230	7.4	13559
tt2481208	4.6	160
tt2484364	8.6	6
tt2486678	7.1	21958
tt2492564	6.7	65
tt2493276	2.9	37
tt24990716	7.2	15
tt2503038	5.2	12
tt2510894	6.6	153714
tt2514026	8.0	18
tt2516968	7.8	75
tt25178278	7.4	5
tt2521668	8.0	21829
tt25219370	7.4	171
tt2530566	8.4	14
tt25386318	7.6	386
tt25389512	4.7	7
tt2542490	7.5	1727
tt2543312	8.4	36961
tt2545384	3.8	578
tt2550874	6.8	11
tt2559324	8.5	28
tt2562356	8.8	7
tt2566580	4.5	617
tt2567026	6.2	129712
tt25728364	7.6	9
tt2575740	5.9	1923
tt2577742	7.5	120
tt25785616	5.6	599
tt2582576	6.3	29302
tt2584188	8.1	10
tt2613028	7.6	26
tt2614804	7.4	9
tt26229000	8.2	240
tt2623488	8.4	221
tt26238474	8.1	214
tt26245650	5.8	259
tt26246546	7.2	286
tt2632424	8.2	155447
tt26345195	5.7	18
tt2638018	7.9	11
tt26392714	5.4	43
tt2641678	6.3	388
tt2644032	7.6	3384
tt26456409	7.2	14
tt2652134	7.5	816
tt2653860	7.4	16
tt2658616	7.2	52
tt26594786	7.2	16
tt2661044	7.5	292730
tt2661078	6.7	37
tt26626803	6.9	17
tt26629266	6.5	12
tt2666246	7.0	6
tt2667562	8.6	2249
tt26739337	8.1	440
tt26755040	1.9	16
tt2679552	5.5	17320
tt2699588	7.5	211
tt27008491	7.7	44
tt2707408	8.7	503827
tt2709260	7.1	428
tt2709542	6.4	15
tt2709768	6.5	228314
tt2710394	7.5	56597
tt2716778	8.4	1449
tt27174655	3.0	6
tt27197388	8.6	120
tt27205817	6.0	5
tt2721900	6.0	7
tt2723286	9.1	164
tt27263084	8.3	8
tt2731386	8.3	56
tt2734790	4.6	180
tt27393729	7.7	199
tt2741602	7.9	291440
tt27435239	7.6	411
tt2748608	6.6	1667
tt2751358	6.3	47
tt2751672	8.3	12
tt2752220	7.7	7
tt27529474	6.5	23
tt2757542	5.7	13
tt27579720	8.4	5
tt27586203	8.5	27
tt27589810	7.5	216
tt27673990	7.6	30
tt27690001	8.2	5
tt2772522	7.8	239
tt2772548	8.4	335
tt27753093	2.6	7
tt27753799	9.6	8
tt2778866	7.0	429
tt27805361	9.4	5
tt27850466	8.2	41
tt27850479	6.8	1362
tt2785486	5.4	10
tt2785688	7.2	8
tt27862648	8.0	583
tt2788526	7.5	2172
tt2788732	6.7	63183
tt27912130	6.6	53
tt27912525	6.8	21
tt27912528	5.7	21
tt27925677	7.1	91
tt2793346	7.7	189
tt2798200	8.6	1840
tt2798800	3.9	8
tt27998687	7.4	7
tt2806870	8.2	50
tt28148034	4.7	21
tt28155931	6.5	139
tt28171842	7.5	16
tt2817246	7.0	4965
tt2819004	6.2	12
tt28235969	7.0	6
tt2825692	8.2	755
tt28264178	8.3	53
tt28319078	7.8	71
tt2837250	5.8	40
tt2847314	8.3	8
tt2849638	8.9	14
tt28516436	9.0	5
tt28554872	5.2	17
tt28554877	6.2	18
tt28603275	7.6	182
tt28612509	7.0	6
tt28634843	9.0	1141
tt28636110	7.3	68
tt28659326	5.5	124
tt28666901	7.9	19
tt28679713	7.4	22
tt2871178	7.4	10
tt28740776	6.2	5
tt28759515	8.0	18
tt28839809	8.0	10
tt28940528	7.7	45
tt2904114	10.0	23
tt29081098	6.8	719
tt29141675	7.6	22
tt2923540	7.6	10
tt2925866	8.1	747
tt29292520	7.7	9
tt2931468	5.2	11
tt2931868	8.2	25
tt2939834	7.8	10
tt29409315	6.4	20
tt29419751	6.5	26
tt29432113	8.1	70
tt2948356	8.0	583345
tt29496839	4.9	30
tt29536836	7.4	21
tt2955402	8.0	7347
tt29578947	6.6	6
tt29580455	6.8	7
tt29632314	6.4	24
tt29633551	6.8	9
tt29712818	8.0	84
tt29719689	7.1	10
tt29748572	9.0	15
tt29748766	9.4	15
tt2980554	6.1	4779
tt2986040	7.8	89
tt29896992	7.7	11
tt2991406	7.1	62
tt29958734	5.4	5
tt2996736	6.7	18
tt2999390	4.2	2039
tt30017586	9.1	622
tt30023315	8.9	14
tt3002570	6.0	14
tt3003964	7.8	23
tt30060596	7.7	12
tt30133283	6.0	28
tt3021686	7.9	11881
tt30217130	6.1	21
tt30308452	6.6	61
tt3032476	9.0	739751
tt3040470	7.1	193
tt3040910	5.2	8
tt3040964	7.3	300014
tt30429654	8.3	6
tt3043274	8.7	9
tt3058354	8.0	11
tt3075216	7.9	85
tt30767160	8.5	68
tt3077282	8.3	1501
tt30810792	7.3	534
tt30842313	5.5	13
tt30852788	7.6	49
tt3091708	6.7	82
tt31014227	5.2	6
tt31033641	9.3	22
tt3103402	5.9	10
tt3105216	7.9	153
tt3105376	7.1	21
tt3107288	7.5	377809
tt31076428	7.8	2920
tt3109616	5.9	25
tt3109618	6.6	16
tt3109622	8.1	53
tt31106165	6.9	28
tt31123386	9.2	43
tt31123390	9.5	36
tt31149690	6.2	10
tt3118030	7.5	340
tt31272419	8.3	24
tt31274928	8.4	8
tt3127636	3.6	1379
tt3127844	8.2	43
tt3129166	7.0	24
tt31309227	8.6	497
tt3132654	8.1	87
tt3133148	5.9	15
tt3136438	9.0	10
tt31450335	7.6	13
tt31465785	7.7	180
tt3148834	6.2	7706
tt31500392	7.8	252
tt31514468	7.9	14
tt3155328	6.2	10439
tt31557220	8.6	21
tt31567455	7.2	16
tt3159818	5.9	860
tt3161448	5.3	969
tt3164210	7.5	38
tt31656529	7.4	43
tt3179414	7.7	17
tt31807494	8.7	7
tt31840729	7.4	175
tt31852634	7.1	172
tt3186534	7.1	13
tt31923182	8.0	11
tt31989964	6.3	13
tt3205638	7.5	369
tt3205802	8.1	174054
tt32066310	8.3	12
tt32083730	7.2	202
tt32084401	8.6	67
tt32103709	8.1	69
tt32111280	7.6	192
tt32125056	9.1	32
tt3218098	7.1	10
tt3218694	7.0	21
tt32205823	7.5	23
tt32254860	9.2	50
tt3226428	5.2	10
tt3227038	6.5	118
tt3227098	7.9	172
tt3230780	7.0	12331
tt3231286	7.1	1498
tt3239216	8.7	33
tt32409227	8.0	50
tt32425659	8.6	675
tt3244082	8.9	2431
tt32446476	8.0	27
tt3246908	6.5	670
tt32564240	7.8	26
tt3257162	6.4	66
tt32592635	8.2	15
tt32599917	7.7	489
tt32600501	1.8	47
tt3262386	6.0	8
tt3270208	5.3	247
tt3273434	5.3	913
tt3274666	3.9	312
tt3277452	5.4	7
tt3278622	9.1	85
tt3279538	7.8	34
tt3284494	8.1	10
tt32856984	7.1	7
tt32889834	8.5	203
tt3299750	6.0	8
tt3300542	5.9	176136
tt33042842	8.6	49
tt33066380	7.2	10
tt33078510	6.6	262
tt3309528	7.9	300
tt33097968	8.1	12
tt33098558	5.5	11
tt33184658	7.5	483
tt3319032	6.1	321
tt3322904	6.3	1744
tt3323254	5.5	3369
tt33269147	8.0	7
tt3331756	8.5	112
tt33327450	7.8	5
tt33354835	7.1	10
tt33381688	7.8	25
tt3338940	6.5	58
tt3339966	7.5	81602
tt3348270	7.6	503
tt33485097	8.5	388
tt33517450	8.2	6
tt3361908	6.4	54
tt3366632	7.7	7
tt3367408	8.5	60
tt3369566	8.0	9
tt3377088	7.2	7
tt3380220	7.8	100
tt3383614	3.5	8
tt3398228	8.8	212262
tt33987663	7.5	66
tt3410380	8.7	10
tt34276125	8.2	127
tt34305461	6.9	10
tt3441810	4.7	1255
tt3444186	8.5	7
tt34541701	6.6	10
tt34544341	7.5	190
tt3460862	7.8	8
tt34609336	6.0	88
tt3462880	4.1	249
tt3467380	7.2	4692
tt3468298	4.4	159
tt34703111	6.6	119
tt34762612	7.0	6
tt3478094	6.0	8
tt34788501	9.3	8
tt3479016	5.7	19
tt34851875	9.2	340
tt3488298	7.7	10298
tt3492636	5.2	79
tt3496820	3.1	12
tt34977848	6.9	21
tt3501074	7.8	28493
tt3502010	4.0	27
tt3505298	5.8	92
tt3508984	4.4	92
tt35113030	8.9	21
tt3520702	7.8	61663
tt3521854	6.5	1953
tt35224109	8.2	154
tt35231126	9.2	5
tt35231481	6.6	9
tt3526078	8.5	162543
tt3526408	5.5	1930
tt3530346	6.4	12
tt3534078	3.5	24
tt3541142	6.9	341
tt3546284	3.4	6
tt35483092	6.9	117
tt3548960	8.4	5
tt3551796	7.3	6382
tt35518994	9.0	413
tt3562366	7.3	168
tt3565816	8.2	1337
tt3566726	7.8	62895
tt3570066	7.7	93
tt35840302	6.1	125
tt35878091	7.8	157
tt3589180	8.6	9
tt3590338	8.6	1257
tt3591950	5.6	55
tt35933611	6.6	39
tt3596274	6.8	62
tt35996457	8.3	51
tt3604232	5.9	1515
tt36042625	7.2	5
tt36068243	8.2	33
tt36071395	7.9	23
tt3609352	8.2	59848
tt36096976	6.3	12
tt36096978	6.1	9
tt3613328	7.2	10
tt3613330	7.6	6
tt3615240	8.6	69
tt3619838	7.9	12
tt3625996	8.7	12
tt36325205	6.9	9
tt3636040	5.9	92
tt36360941	3.9	8147
tt36473251	7.3	6
tt3649936	8.1	21
tt36590729	7.5	1505
tt3667602	7.2	20
tt3669146	7.1	9
tt36825556	8.3	229
tt3687236	5.8	58
tt3687564	7.6	58
tt3691740	6.3	96843
tt3692064	4.2	381
tt36958955	9.5	6
tt3699148	4.3	8
tt3700456	5.1	928
tt3707100	6.2	11
tt3709054	6.5	11
tt3709068	6.6	13
tt3709342	6.9	24
tt3721256	5.7	708
tt3723780	4.3	757
tt3725800	7.8	30
tt3729898	7.6	8557
tt3746526	4.2	20
tt3749900	7.8	247613
tt3767952	8.0	51
tt3768572	7.0	13834
tt3774694	6.1	71420
tt3777430	7.2	8
tt3778038	7.3	15
tt3780070	8.2	8
tt3784056	5.7	17
tt3798268	7.0	21
tt3798792	7.5	9
tt3801720	4.1	36
tt3807022	7.1	2696
tt3807034	6.5	2763
tt3810760	6.6	16911
tt3817140	7.1	1132
tt3826280	6.2	7
tt3832218	8.0	204
tt3839566	6.7	26
tt3839814	8.3	149
tt3850214	7.2	90732
tt3854898	6.6	85
tt3864062	5.9	12
tt3897080	3.1	303
tt3909224	7.7	42453
tt3918010	7.0	26
tt3920890	6.1	933
tt3950906	7.5	56
tt3962300	4.2	7
tt3976342	7.6	10
tt3982768	4.9	85
tt3986390	6.2	642
tt3986586	6.7	30486
tt4007248	5.9	7090
tt4007604	8.3	14
tt4018326	5.5	18
tt4019894	6.2	9
tt4027504	6.4	2111
tt4034452	6.5	9638
tt4046920	8.6	74
tt4046922	9.3	162
tt4047846	7.1	1307
tt4051832	8.0	23534
tt4058210	6.3	1770
tt4061080	7.6	47546
tt4077554	9.2	54507
tt4094300	7.9	23636
tt4102458	7.9	282
tt4103686	6.4	1562
tt4104146	7.5	13
tt4108354	8.8	25
tt4111020	5.9	9
tt4112806	6.8	23
tt4128296	8.1	979
tt4128750	3.5	14
tt4129870	5.7	12218
tt4135176	7.1	199
tt4136328	7.2	199
tt4138574	8.3	6
tt4144332	6.0	2139
tt4155738	7.2	59
tt4166390	7.1	629
tt4177728	7.6	830
tt4189294	6.4	1711
tt4190832	7.2	180
tt4191580	4.8	38279
tt4199786	8.0	11
tt4209846	8.5	14
tt4218356	6.6	292
tt4224442	6.8	35
tt4227364	7.7	16
tt4240774	8.6	124
tt4240786	8.8	109
tt4242116	9.3	11
tt4242732	4.5	82
tt4244668	7.4	1051
tt4245676	7.1	50
tt4253604	7.7	7
tt4254242	7.6	58657
tt4255246	8.1	83
tt4257950	4.3	762
tt4259148	8.2	9
tt4261936	8.6	40
tt4269746	5.6	2950
tt4269860	6.4	8
tt4295140	8.5	17534
tt4302938	7.7	143266
tt4303752	7.6	69
tt4307902	7.7	3409
tt4337322	6.3	23
tt4337644	6.8	42
tt4338012	8.3	9
tt4338364	8.1	404
tt4341582	7.4	19445
tt4364638	9.1	97
tt4368634	5.1	28
tt4374106	6.7	61
tt4379536	6.1	1458
tt4382826	7.3	1827
tt4384086	8.0	18304
tt4384860	7.8	916
tt4390228	6.0	70
tt4391396	8.5	18
tt4403302	8.9	19
tt4413268	8.6	21
tt4419156	9.1	179
tt4422836	7.6	73848
tt4428122	6.7	65058
tt4431254	5.7	1016
tt4450682	7.8	15
tt4452688	6.3	1668
tt4458404	6.8	186
tt4465472	6.7	9501
tt4475038	7.8	137
tt4504162	8.2	53
tt4504280	9.8	20
tt4538548	8.6	5
tt4543514	7.3	428
tt4546410	8.5	39
tt4559540	7.8	28
tt4562058	7.6	24
tt4574334	8.6	1456662
tt4574692	9.2	12
tt4580372	8.6	10559
tt4586442	8.3	6
tt4591680	5.5	4684
tt4592410	8.2	24194
tt4597838	6.9	20
tt4607314	7.4	235
tt4613814	8.0	6
tt4623604	7.0	2077
tt4629938	7.3	58
tt4635276	8.2	77735
tt4635282	7.8	122715
tt4650766	8.2	9
tt4653492	6.6	835
tt4657658	7.8	192
tt4669186	6.0	10143
tt4673468	7.3	342
tt4677934	8.1	8386
tt4686862	5.6	3213
tt4707112	7.6	5
tt4719204	5.0	8
tt4722990	6.8	7
tt4724484	7.1	1048
tt4744912	9.0	6
tt4760106	7.6	7
tt4763642	5.9	222
tt4769836	5.7	54317
tt4777250	7.0	93
tt4778664	6.4	9
tt4779590	9.4	6
tt4780302	6.6	41
tt4786824	8.6	271285
tt4816058	8.2	9923
tt4818008	7.4	12
tt4819628	6.8	64
tt4833250	4.0	12
tt4847022	7.9	2480
tt4901120	6.1	1132
tt4911372	8.2	5
tt4922804	7.3	29378
tt4926014	8.3	1247
tt4933524	7.6	17
tt4937942	7.6	12895
tt4938374	5.0	4283
tt4949518	7.3	29
tt4955694	6.7	25
tt4959996	7.6	86
tt4969748	8.6	2286
tt4971144	7.5	6394
tt4973548	7.2	12882
tt4978440	9.1	9
tt4983172	8.9	10
tt4991512	6.5	6500
tt4991910	7.8	1001
tt4996022	4.8	321
tt5000604	6.9	23
tt5030402	5.9	2263
tt5046892	7.3	7
tt5065798	8.9	8
tt5075942	5.3	254
tt5085672	8.4	423
tt5090654	6.9	12
tt5097050	7.7	11118
tt5134380	8.2	6
tt5144046	6.7	48
tt5155780	6.2	38776
tt5156974	8.0	8
tt5158912	8.3	2618
tt5162742	8.2	11
tt5169826	7.1	12
tt5171166	6.4	45
tt5185942	4.5	50
tt5190418	3.1	54
tt5193172	5.8	991
tt5199216	8.4	166
tt5212766	6.3	7
tt5221584	7.4	21390
tt5235950	5.5	406
tt5240722	7.5	31
tt5241050	7.0	71
tt5243078	7.8	16
tt5253060	8.9	15
tt5260026	4.9	236
tt5262982	7.8	25
tt5263026	8.2	25
tt5272052	5.1	1059
tt5272694	8.0	12
tt5273682	6.9	13
tt5276312	6.4	17
tt5289548	8.1	20
tt5289612	7.5	15
tt5289660	7.5	17
tt5289826	6.8	15
tt5289842	7.3	13
tt5289872	7.3	13
tt5293972	7.4	207
tt5295724	7.0	13
tt5298914	6.0	14
tt5308252	7.1	18
tt5308254	7.2	16
tt5308256	7.0	18
tt5308258	7.3	16
tt5317732	8.0	5
tt5339440	8.1	19261
tt5343710	7.5	8
tt5351244	8.1	92
tt5372078	6.5	10
tt5379004	8.0	7
tt5431844	7.2	92
tt5435008	7.5	47989
tt5437132	6.4	87
tt5447080	7.6	14
tt5449296	4.4	572
tt5449652	5.8	22
tt5458888	2.4	167
tt5462936	5.7	418
tt5464422	7.9	10
tt5467814	5.9	8037
tt5468448	5.7	23
tt5475296	7.8	6
tt5483944	8.1	44
tt5487214	8.5	6
tt5490720	4.1	21
tt5505722	4.4	822
tt5508854	9.2	959
tt5533778	6.1	12
tt5554764	9.6	5
tt5554932	7.4	23
tt5562056	6.9	15847
tt5568872	7.0	6
tt5569984	7.2	11
tt5576646	7.0	23
tt5580516	7.8	80
tt5580540	7.8	80485
tt5580664	8.0	10412
tt5581790	6.1	44
tt5593606	6.7	449
tt5595688	7.2	5480
tt5601378	8.2	28
tt5602176	7.1	44
tt5603002	8.8	15
tt5618160	4.3	297
tt5625510	9.4	6045
tt5625540	8.2	10
tt5637588	8.5	6
tt5646866	8.1	2061
tt5648016	8.0	41
tt5651844	8.0	69236
tt5663482	7.3	35
tt5666478	8.0	17
tt5667196	6.8	19
tt5672036	6.4	2202
tt5690552	9.5	12442
tt5692800	4.3	22
tt5696852	7.9	2343
tt5706996	7.0	20385
tt5720876	9.0	23
tt5748604	7.9	8
tt5751434	9.0	105
tt5751564	7.1	18
tt5759196	6.2	722
tt5762174	3.5	301
tt5775986	7.6	23
tt5788316	8.0	9
tt5789240	7.5	74
tt5798198	7.4	295
tt5799508	7.8	14
tt5805632	9.0	43
tt5832980	7.9	139
tt5836444	7.2	50
tt5846856	8.5	1126
tt5853208	8.7	7
tt5853378	9.8	79
tt5870336	7.4	181
tt5871166	7.1	10
tt5883700	7.1	358
tt5884960	8.4	28
tt5893332	5.2	19719
tt5896454	7.2	16
tt5896674	7.8	222
tt5916218	6.7	1136
tt5917468	7.6	85
tt5924844	7.7	19
tt5934232	6.0	22
tt5934428	7.5	11
tt5945924	6.7	17
tt5960284	8.2	57
tt5964040	7.6	110
tt5969228	6.0	93
tt5973164	7.5	5246
tt5978822	5.9	696
tt5993744	7.2	180
tt6004806	7.4	200
tt6025022	8.7	23465
tt6037866	6.1	210
tt6038584	7.2	5623
tt6043838	7.5	3218
tt6054602	7.4	29
tt6060400	9.8	5
tt6065546	5.5	8
tt6071636	8.8	25
tt6081722	7.9	749
tt6083196	8.8	37
tt6084030	7.0	99
tt6101862	5.7	1123
tt6102480	5.2	22
tt6133634	7.9	15
tt6136488	3.9	13
tt6138688	5.1	1673
tt6151864	6.8	9
tt6158788	9.7	65
tt6173418	6.5	47
tt6181728	7.6	952
tt6184866	7.0	23
tt6185350	7.0	66
tt6217884	8.6	5
tt6245938	7.0	65
tt6255268	3.0	14
tt6260634	7.1	11
tt6283780	5.2	439
tt6285562	6.8	64
tt6290176	8.3	110
tt6300104	6.8	16
tt6302160	6.7	9199
tt6304622	5.7	34
tt6311826	6.8	17
tt6315232	8.8	6469
tt6315758	8.4	10
tt6324536	7.0	15
tt6332604	7.2	14
tt6333098	8.3	6091
tt6333104	6.6	2449
tt6333380	6.3	90
tt6345808	6.7	13
tt6348208	4.5	28
tt6349098	8.6	17
tt6349384	6.7	14
tt6353064	9.3	15
tt6353130	7.8	21
tt6356304	7.0	15
tt6359016	7.6	7
tt6359472	7.4	14
tt6367556	6.4	14
tt6370844	6.6	15
tt6371964	6.2	17
tt6375288	8.0	5
tt6394324	4.8	18563
tt6409908	4.2	18
tt6410198	7.1	557
tt6416520	7.4	104
tt6418788	8.5	41
tt6440032	6.7	10
tt6444404	7.8	19
tt6470908	7.1	94
tt6474096	8.6	11
tt6478724	8.0	66
tt6481376	6.8	19
tt6495756	7.0	3584
tt6500946	6.1	81
tt6518828	6.6	5
tt6543124	8.0	125
tt6553676	3.3	8
tt6568694	6.6	618
tt6591468	7.7	569
tt6616074	3.2	10795
tt6642536	9.4	16
tt6687650	5.8	30
tt6687652	7.8	179
tt6697374	7.2	7
tt6704844	9.0	23
tt6723710	9.7	42986
tt6732686	8.0	60
tt6734338	1.7	27
tt6736782	7.6	11080
tt6738136	6.4	59765
tt6766396	7.3	30
tt6776494	8.9	14
tt6776794	6.7	35
tt6780296	8.2	92
tt6821838	7.5	17
tt6837060	9.0	7
tt6837236	8.1	18
tt6846318	5.8	55
tt6850902	5.4	181
tt6863510	8.1	98
tt6874878	6.3	28
tt6875114	2.4	11
tt6875414	7.5	14
tt6897124	7.6	12
tt6908386	6.2	16
tt6909846	6.9	3188
tt6914792	8.6	8
tt6917764	6.6	18
tt6925620	7.9	9
tt6949164	5.0	20
tt6950338	6.5	638
tt6951546	7.7	4267
tt6953914	7.2	17
tt6959614	5.9	12
tt6963396	7.3	656
tt6963504	8.6	3164
tt6964236	7.5	81
tt6964450	6.3	18
tt6966158	6.9	1117
tt6985788	7.0	163
tt7010666	8.3	25
tt7014356	2.9	959
tt7017416	7.5	213
tt7017442	8.5	9
tt7020050	6.6	22
tt7037458	7.8	57
tt7039152	8.1	397
tt7040098	7.5	670
tt7077352	8.1	664
tt7082870	7.1	13
tt7098446	6.4	34
tt7117100	7.6	7
tt7127738	6.0	5
tt7136064	2.9	15
tt7164896	8.4	2782
tt7173762	6.5	130
tt7182912	8.4	134
tt7183730	7.2	5
tt7186580	8.5	676
tt7206038	6.9	41
tt7229668	7.5	8
tt7250068	8.6	27
tt7251610	7.6	21
tt7266472	9.2	54
tt7269700	4.4	63
tt7271622	8.5	523
tt7300916	4.4	27
tt7311448	2.5	37
tt7326134	7.1	1150
tt7336364	8.0	25
tt7337052	7.9	18
tt7358808	8.1	34
tt7390250	9.5	8
tt7405942	6.8	6
tt7408270	8.2	27
tt7418002	5.0	10
tt7418302	8.7	451
tt7451496	6.2	12
tt7452328	8.6	8
tt7461016	5.5	18
tt7473892	7.7	44
tt7482468	9.8	10
tt7508614	8.1	2508
tt7512510	5.4	25
tt7526316	6.4	40
tt7541772	8.5	2206
tt7557776	8.7	34
tt7579602	9.1	1519
tt7592274	6.5	327
tt7607810	7.5	62
tt7610784	8.3	31
tt7637314	7.2	22
tt7649882	8.8	68
tt7651528	8.1	22
tt7668298	6.2	35
tt7688206	8.6	9925
tt7740616	5.6	251
tt7746896	5.9	12
tt7760704	9.0	15
tt7763896	8.5	13
tt7768420	7.6	11
tt7776812	9.4	9
tt7782022	7.3	1880
tt7782156	7.2	15
tt7826030	8.1	4081
tt7871428	7.8	16
tt7900800	7.0	6
tt7912492	6.7	9
tt7916512	8.1	808
tt7926760	8.4	133
tt7964330	7.5	19
tt8006692	8.9	97
tt8027720	7.0	74
tt8027732	4.7	83
tt8032756	8.4	38
tt8036402	7.3	73
tt8038508	5.8	6
tt8067532	8.1	22
tt8068900	7.5	1068
tt8077148	7.6	9
tt8093998	8.1	11
tt8096056	8.0	7
tt8118950	7.8	1335
tt8136198	7.2	27
tt8161034	8.5	266
tt8207174	3.4	72
tt8213106	8.1	18
tt8233516	6.7	67
tt8236260	6.1	37
tt8245518	7.7	15
tt8252940	6.2	7
tt8266542	8.0	1116
tt8290344	5.9	14
tt8315048	7.4	57
tt8325314	8.1	264
tt8391400	7.1	275
tt8396138	6.3	10
tt8408352	9.8	9
tt8423928	8.3	342
tt8425010	6.5	35
tt8442654	6.8	84
tt8442656	7.4	68
tt8447844	5.5	217
tt8458056	7.5	5479
tt8483900	7.1	146
tt8531038	7.4	5
tt8535222	9.4	12
tt8565044	7.7	44
tt8601408	6.6	42
tt8620056	9.5	7
tt8622640	6.1	23
tt8630066	7.5	10
tt8651340	7.4	722
tt8652876	2.3	17
tt8666312	7.7	12
tt8675288	5.0	2055
tt8697022	8.1	682
tt8701030	6.9	9
tt8702340	3.9	7
tt8703894	5.4	13
tt8705282	2.0	33
tt8705694	6.8	384
tt8722462	7.7	331
tt8722552	8.2	452
tt8733188	9.2	25205
tt8769282	7.0	17
tt8802088	5.2	159
tt8804444	6.7	14
tt8810000	8.3	1308
tt8815444	8.1	939
tt8840336	5.5	58
tt8850548	7.7	42
tt8870166	7.8	6
tt8883524	6.0	9693
tt8892960	8.0	82
tt8894664	8.1	24
tt8902758	6.2	9
tt8907428	5.0	17
tt8962108	7.3	189
tt8962166	7.3	358
tt8969752	7.4	42
tt8970684	7.7	195
tt8977396	7.6	44
tt8996622	9.3	16
tt8998682	7.8	165
tt9001594	2.6	42
tt9010836	8.3	21
tt9012292	7.4	5
tt9046084	9.0	269
tt9047628	7.7	155
tt9049178	7.2	8
tt9055574	7.1	164
tt9072196	8.3	1691
tt9072312	7.9	823
tt9077176	7.8	11
tt9092540	6.3	6
tt9105362	7.0	7
tt9111596	7.3	849
tt9162096	6.2	5
tt9170956	9.3	19
tt9202900	6.9	18
tt9278388	8.7	27
tt9308686	8.2	245
tt9320106	9.0	27
tt9348730	8.9	357
tt9376274	7.1	34
tt9393872	9.1	16
tt9446888	7.4	14
tt9451132	6.4	24
tt9474610	8.3	227
tt9475736	7.6	92
tt9496314	6.0	15
tt9556218	6.8	9
tt9556710	7.1	15
tt9567778	6.5	2404
tt9578250	6.3	7
tt9643218	7.0	8
tt9674994	6.9	8
tt9681986	7.0	29
tt9690258	7.5	19
tt9723056	6.9	22
tt9723132	7.5	56
tt9765516	7.5	107
tt9765866	6.3	20
tt9772668	6.7	13
tt9773132	8.2	93
tt9776916	7.8	8
tt9794296	6.5	9
tt9799870	2.1	46
tt9800242	7.8	323
tt9821268	6.6	29
tt9826510	7.0	10
tt9834200	7.1	19
tt9843514	7.7	43
tt9849770	7.4	15
tt9859810	6.6	9
tt9865182	6.8	123
tt9865554	4.3	142
tt9870172	6.8	8
tt9883888	7.9	1196
tt9903716	6.7	507
